{
  "h1": {
    "naive": {
      "mae": 0.033222303831677714,
      "rmse": 0.045346253808850254
    },
    "linear": {
      "mae": 0.026548454508239817,
      "rmse": 0.036547186945029564
    },
    "arima": {
      "mae": 0.02638624551113533,
      "rmse": 0.03716160644796027
    },
    "timesnet_lite": {
      "mae": 0.026346557483572047,
      "rmse": 0.03649359360515986,
      "train_time_s": 73.05051326751709
    }
  },
  "h3": {
    "naive": {
      "mae": 0.03603047077812441,
      "rmse": 0.049880015108317195
    },
    "linear": {
      "mae": 0.027317872334723974,
      "rmse": 0.03727101769917845
    },
    "arima": {
      "mae": 0.026468474223393868,
      "rmse": 0.03721944139212046
    },
    "timesnet_lite": {
      "mae": 0.026672914051332822,
      "rmse": 0.03665082721674205,
      "train_time_s": 69.47235894203186
    }
  },
  "h6": {
    "naive": {
      "mae": 0.036118309010084636,
      "rmse": 0.050168203503199005
    },
    "linear": {
      "mae": 0.02753032398528964,
      "rmse": 0.03749899962693782
    },
    "arima": {
      "mae": 0.027130234132646005,
      "rmse": 0.03768624996755972
    },
    "timesnet_lite": {
      "mae": 0.026841752600276044,
      "rmse": 0.036798498074762875,
      "train_time_s": 107.72601985931396
    }
  },
  "h12": {
    "naive": {
      "mae": 0.03650818742091893,
      "rmse": 0.05073869101503807
    },
    "linear": {
      "mae": 0.027718282668650285,
      "rmse": 0.037621754087783295
    },
    "arima": {
      "mae": 0.02639043801945601,
      "rmse": 0.037004067159835376
    },
    "timesnet_lite": {
      "mae": 0.027107024672562496,
      "rmse": 0.037016742433479244,
      "train_time_s": 98.388179063797
    }
  }
}