{
  "h1": {
    "None": {
      "periods_months": [
        111.11891161678889,
        112.36781609195401
      ],
      "periods_used_months": [
        111.11891161678889,
        112.36781609195401
      ],
      "mae": 0.02685145130626339,
      "rmse": 0.03681180113584341,
      "train_time_s": 14.921257972717285
    },
    "Zhou_Jintao": {
      "periods_months": [
        360.0,
        240.0,
        84.0
      ],
      "periods_used_months": [
        360.0,
        240.0
      ],
      "mae": 0.02685145130626339,
      "rmse": 0.03681180113584341,
      "train_time_s": 19.74574899673462
    },
    "Kondratiev_Juglar": {
      "periods_months": [
        300.0,
        120.0,
        48.0
      ],
      "periods_used_months": [
        300.0,
        120.0
      ],
      "mae": 0.02685145130626339,
      "rmse": 0.03681180113584341,
      "train_time_s": 26.588495016098022
    },
    "Kuznets": {
      "periods_months": [
        240.0,
        120.0,
        60.0
      ],
      "periods_used_months": [
        240.0,
        120.0
      ],
      "mae": 0.02685145130626339,
      "rmse": 0.03681180113584341,
      "train_time_s": 24.702558279037476
    }
  },
  "h3": {
    "None": {
      "periods_months": [
        111.09809207069515,
        112.183908045977
      ],
      "periods_used_months": [
        111.09809207069515,
        112.183908045977
      ],
      "mae": 0.027040969983491814,
      "rmse": 0.036902649776018176,
      "train_time_s": 14.30279803276062
    },
    "Zhou_Jintao": {
      "periods_months": [
        360.0,
        240.0,
        84.0
      ],
      "periods_used_months": [
        360.0,
        240.0
      ],
      "mae": 0.026999313267671386,
      "rmse": 0.036870468935937185,
      "train_time_s": 25.56030821800232
    },
    "Kondratiev_Juglar": {
      "periods_months": [
        300.0,
        120.0,
        48.0
      ],
      "periods_used_months": [
        300.0,
        120.0
      ],
      "mae": 0.027044147843428294,
      "rmse": 0.03690563281854705,
      "train_time_s": 26.52040195465088
    },
    "Kuznets": {
      "periods_months": [
        240.0,
        120.0,
        60.0
      ],
      "periods_used_months": [
        240.0,
        120.0
      ],
      "mae": 0.02704414925226535,
      "rmse": 0.036905656332540594,
      "train_time_s": 25.453020095825195
    }
  },
  "h6": {
    "None": {
      "periods_months": [
        111.10293591383837,
        111.9080459770115
      ],
      "periods_used_months": [
        111.10293591383837,
        111.9080459770115
      ],
      "mae": 0.02710579684743801,
      "rmse": 0.03715001864919648,
      "train_time_s": 14.283740997314453
    },
    "Zhou_Jintao": {
      "periods_months": [
        360.0,
        240.0,
        84.0
      ],
      "periods_used_months": [
        360.0,
        240.0
      ],
      "mae": 0.027106080023686738,
      "rmse": 0.037149998203713536,
      "train_time_s": 25.234337091445923
    },
    "Kondratiev_Juglar": {
      "periods_months": [
        300.0,
        120.0,
        48.0
      ],
      "periods_used_months": [
        300.0,
        120.0
      ],
      "mae": 0.02710529678246402,
      "rmse": 0.03715027200758447,
      "train_time_s": 26.23088312149048
    },
    "Kuznets": {
      "periods_months": [
        240.0,
        120.0,
        60.0
      ],
      "periods_used_months": [
        240.0,
        120.0
      ],
      "mae": 0.027104826204622772,
      "rmse": 0.037148833119674644,
      "train_time_s": 24.24379301071167
    }
  },
  "h12": {
    "None": {
      "periods_months": [
        111.16518127093212,
        111.35632183908045
      ],
      "periods_used_months": [
        111.16518127093212,
        111.35632183908045
      ],
      "mae": 0.027228802370127033,
      "rmse": 0.03711530357162466,
      "train_time_s": 13.975822925567627
    },
    "Zhou_Jintao": {
      "periods_months": [
        360.0,
        240.0,
        84.0
      ],
      "periods_used_months": [
        360.0,
        240.0
      ],
      "mae": 0.027225501483288714,
      "rmse": 0.037114029763628514,
      "train_time_s": 25.170169830322266
    },
    "Kondratiev_Juglar": {
      "periods_months": [
        300.0,
        120.0,
        48.0
      ],
      "periods_used_months": [
        300.0,
        120.0
      ],
      "mae": 0.027228527893944848,
      "rmse": 0.03711531092978407,
      "train_time_s": 25.300519943237305
    },
    "Kuznets": {
      "periods_months": [
        240.0,
        120.0,
        60.0
      ],
      "periods_used_months": [
        240.0,
        120.0
      ],
      "mae": 0.027225746891867075,
      "rmse": 0.037114159158414324,
      "train_time_s": 21.838359117507935
    }
  }
}