{
  "h1": {
    "single": {
      "mae": 0.03025256855818306,
      "rmse": 0.04605433190787161,
      "train_time_s": 8.324529886245728
    },
    "multi": {
      "mae": 0.03025256855818306,
      "rmse": 0.04605433190787161,
      "train_time_s": 3.12697434425354
    }
  },
  "h3": {
    "single": {
      "mae": 0.2134461514965854,
      "rmse": 0.2483718379669464,
      "train_time_s": 8.437856912612915
    },
    "multi": {
      "mae": 0.28212998348676405,
      "rmse": 0.31178118729486043,
      "train_time_s": 2.902388095855713
    }
  },
  "h6": {
    "single": {
      "mae": 0.16778284849189426,
      "rmse": 0.22310169744577563,
      "train_time_s": 7.962541818618774
    },
    "multi": {
      "mae": 0.21925045856834524,
      "rmse": 0.26040656423531927,
      "train_time_s": 2.089775800704956
    }
  },
  "h12": {
    "single": {
      "mae": 0.18212712502397144,
      "rmse": 0.2472221224866643,
      "train_time_s": 8.309428930282593
    },
    "multi": {
      "mae": 0.21721911440805605,
      "rmse": 0.24484758412687754,
      "train_time_s": 3.3048760890960693
    }
  }
}