{
  "h1": {
    "None": {
      "periods_months": [],
      "mae": 0.02567955779045456,
      "rmse": 0.035676302244259724,
      "train_time_s": 85.00344705581665
    },
    "Zhou_Jintao": {
      "periods_months": [
        360.0,
        240.0,
        84.0
      ],
      "mae": 0.025722973176363458,
      "rmse": 0.03568555369247334,
      "train_time_s": 103.64451003074646
    },
    "Kondratiev_Juglar": {
      "periods_months": [
        300.0,
        120.0,
        48.0
      ],
      "mae": 0.025749793187426998,
      "rmse": 0.03563306959131482,
      "train_time_s": 113.36021614074707
    },
    "Kuznets": {
      "periods_months": [
        240.0,
        120.0,
        60.0
      ],
      "mae": 0.02573453859865163,
      "rmse": 0.0356052577923008,
      "train_time_s": 114.69084906578064
    }
  },
  "h3": {
    "None": {
      "periods_months": [],
      "mae": 0.026055681956360335,
      "rmse": 0.0361965053089383,
      "train_time_s": 87.48780012130737
    },
    "Zhou_Jintao": {
      "periods_months": [
        360.0,
        240.0,
        84.0
      ],
      "mae": 0.026088699540704016,
      "rmse": 0.03620682406501201,
      "train_time_s": 107.00377106666565
    },
    "Kondratiev_Juglar": {
      "periods_months": [
        300.0,
        120.0,
        48.0
      ],
      "mae": 0.026039659303825336,
      "rmse": 0.036155250372098886,
      "train_time_s": 112.35308003425598
    },
    "Kuznets": {
      "periods_months": [
        240.0,
        120.0,
        60.0
      ],
      "mae": 0.026101540318758276,
      "rmse": 0.036170906189037635,
      "train_time_s": 111.83163905143738
    }
  },
  "h6": {
    "None": {
      "periods_months": [],
      "mae": 0.02608648282574083,
      "rmse": 0.03632882457053517,
      "train_time_s": 89.65367984771729
    },
    "Zhou_Jintao": {
      "periods_months": [
        360.0,
        240.0,
        84.0
      ],
      "mae": 0.026165719840571606,
      "rmse": 0.036346882676713536,
      "train_time_s": 112.17581295967102
    },
    "Kondratiev_Juglar": {
      "periods_months": [
        300.0,
        120.0,
        48.0
      ],
      "mae": 0.02618956684526873,
      "rmse": 0.03637946776660006,
      "train_time_s": 123.11673188209534
    },
    "Kuznets": {
      "periods_months": [
        240.0,
        120.0,
        60.0
      ],
      "mae": 0.026193885259767583,
      "rmse": 0.03635086015621354,
      "train_time_s": 116.26116991043091
    }
  },
  "h12": {
    "None": {
      "periods_months": [],
      "mae": 0.02610594350225771,
      "rmse": 0.036364521317499246,
      "train_time_s": 75.89329099655151
    },
    "Zhou_Jintao": {
      "periods_months": [
        360.0,
        240.0,
        84.0
      ],
      "mae": 0.02618966946803698,
      "rmse": 0.036381908980102726,
      "train_time_s": 107.5120038986206
    },
    "Kondratiev_Juglar": {
      "periods_months": [
        300.0,
        120.0,
        48.0
      ],
      "mae": 0.026224389499419316,
      "rmse": 0.03642529894231366,
      "train_time_s": 107.63680481910706
    },
    "Kuznets": {
      "periods_months": [
        240.0,
        120.0,
        60.0
      ],
      "mae": 0.026239300800549606,
      "rmse": 0.03642090507586635,
      "train_time_s": 105.22219324111938
    }
  }
}