{
  "h1": {
    "Linear": {
      "mae": 0.026548454508239817,
      "rmse": 0.036547186945029564,
      "train_time_s": 0.013991832733154297
    },
    "DLinear": {
      "mae": 0.02641802406085002,
      "rmse": 0.036297447201239535,
      "train_time_s": 2.954761028289795
    },
    "NBEATS": {
      "mae": 0.02659517147475894,
      "rmse": 0.03663530393861206,
      "train_time_s": 8.429930448532104
    },
    "PatchTST": {
      "mae": 0.027167246508366594,
      "rmse": 0.037126242712787756,
      "train_time_s": 7.9395740032196045
    },
    "iTransformer": {
      "mae": 0.02659251228011954,
      "rmse": 0.03640362950623236,
      "train_time_s": 7.045336723327637
    },
    "TimesNet": {
      "mae": 0.02601822858449262,
      "rmse": 0.03598293243529426,
      "train_time_s": 2.8040387630462646
    },
    "PAB(ours)": {
      "mae": 0.025903214518507345,
      "rmse": 0.035756846862361864,
      "train_time_s": 8.444666624069214
    }
  },
  "h3": {
    "Linear": {
      "mae": 0.027317872334723974,
      "rmse": 0.03727101769917845,
      "train_time_s": 0.028606653213500977
    },
    "DLinear": {
      "mae": 0.02698324651368401,
      "rmse": 0.036908301415731315,
      "train_time_s": 2.056051731109619
    },
    "NBEATS": {
      "mae": 0.02660173635285058,
      "rmse": 0.036646835799682156,
      "train_time_s": 8.891827821731567
    },
    "PatchTST": {
      "mae": 0.02728190367237802,
      "rmse": 0.03719489725002626,
      "train_time_s": 8.136388778686523
    },
    "iTransformer": {
      "mae": 0.027115023694410656,
      "rmse": 0.03704770257905644,
      "train_time_s": 7.739798545837402
    },
    "TimesNet": {
      "mae": 0.026510212576026548,
      "rmse": 0.03652191935366461,
      "train_time_s": 3.070042848587036
    },
    "PAB(ours)": {
      "mae": 0.02633908137649507,
      "rmse": 0.0363346941554786,
      "train_time_s": 9.702697992324829
    }
  },
  "h6": {
    "Linear": {
      "mae": 0.027530323985289637,
      "rmse": 0.03749899962693782,
      "train_time_s": 0.039999961853027344
    },
    "DLinear": {
      "mae": 0.026927110563801898,
      "rmse": 0.036925573333868096,
      "train_time_s": 2.1475296020507812
    },
    "NBEATS": {
      "mae": 0.02656895454582409,
      "rmse": 0.03662141040036611,
      "train_time_s": 9.189895391464233
    },
    "PatchTST": {
      "mae": 0.027148992318929796,
      "rmse": 0.03708144929874358,
      "train_time_s": 8.328017711639404
    },
    "iTransformer": {
      "mae": 0.027297443556707216,
      "rmse": 0.037281539445545964,
      "train_time_s": 7.964946746826172
    },
    "TimesNet": {
      "mae": 0.026535119062399398,
      "rmse": 0.0365812493536432,
      "train_time_s": 3.30116605758667
    },
    "PAB(ours)": {
      "mae": 0.026379245759605357,
      "rmse": 0.03648694000784124,
      "train_time_s": 10.182851076126099
    }
  },
  "h12": {
    "Linear": {
      "mae": 0.02771828266865028,
      "rmse": 0.0376217540877833,
      "train_time_s": 0.07655000686645508
    },
    "DLinear": {
      "mae": 0.026783549735052755,
      "rmse": 0.03677759189760229,
      "train_time_s": 2.317610025405884
    },
    "NBEATS": {
      "mae": 0.026494892640031433,
      "rmse": 0.036574627998156924,
      "train_time_s": 9.866251468658447
    },
    "PatchTST": {
      "mae": 0.02687016332961681,
      "rmse": 0.036832487535268445,
      "train_time_s": 8.295963048934937
    },
    "iTransformer": {
      "mae": 0.02741783066785931,
      "rmse": 0.03735586224166157,
      "train_time_s": 7.84092378616333
    },
    "TimesNet": {
      "mae": 0.026477509232265106,
      "rmse": 0.03655877794302127,
      "train_time_s": 3.201843738555908
    },
    "PAB(ours)": {
      "mae": 0.02641442447383779,
      "rmse": 0.03652527215019862,
      "train_time_s": 9.803142547607422
    }
  }
}