{
  "config": {
    "seq_len": 60,
    "horizons": [
      1,
      3,
      6,
      12
    ],
    "seeds": [
      0,
      1,
      2
    ],
    "initial_train_frac": 0.5,
    "test_frac": 0.07,
    "step_frac": 0.1,
    "epochs": 80,
    "lr": 0.001,
    "hidden_wpn": 32,
    "device_workers": "cuda",
    "n_jobs": 8,
    "n_total_tasks": 300,
    "wall_clock_s": 1110.056770324707,
    "n_series": 1832,
    "variants": [
      "TimesNet",
      "WPN_full",
      "WPN_no_wavelet",
      "WPN_no_learnable",
      "WPN_huber"
    ]
  },
  "aggregate": {
    "h1": {
      "TimesNet": {
        "mae": 0.02620403483688468,
        "crps": NaN,
        "pinball": {
          "pinball_0.05": 0.004716546147337951,
          "pinball_0.50": 0.013103781561374225,
          "pinball_0.95": 0.0035898826192110682
        },
        "n_folds": 5
      },
      "WPN_full": {
        "mae": 0.025872872276130464,
        "crps": 0.018579293166597684,
        "pinball": {
          "pinball_0.05": 0.004257632388422887,
          "pinball_0.50": 0.012939895006517571,
          "pinball_0.95": 0.003236563457176089
        },
        "n_folds": 5
      },
      "WPN_no_wavelet": {
        "mae": 0.025730075250349194,
        "crps": 0.018570025016864142,
        "pinball": {
          "pinball_0.05": 0.004266235341007511,
          "pinball_0.50": 0.012858854855100316,
          "pinball_0.95": 0.003367426029096047
        },
        "n_folds": 5
      },
      "WPN_no_learnable": {
        "mae": 0.025911733886340473,
        "crps": 0.01859824856122335,
        "pinball": {
          "pinball_0.05": 0.004281977796927095,
          "pinball_0.50": 0.012950775648156804,
          "pinball_0.95": 0.0032320915876577296
        },
        "n_folds": 5
      },
      "WPN_huber": {
        "mae": 0.026327873483146885,
        "crps": NaN,
        "pinball": {
          "pinball_0.05": 0.004685179025930401,
          "pinball_0.50": 0.013199660050456904,
          "pinball_0.95": 0.003629381090781475
        },
        "n_folds": 5
      }
    },
    "h3": {
      "TimesNet": {
        "mae": 0.026265161378353875,
        "crps": NaN,
        "pinball": {
          "pinball_0.05": 0.004742475932099545,
          "pinball_0.50": 0.013134146930023072,
          "pinball_0.95": 0.003581406527500522
        },
        "n_folds": 5
      },
      "WPN_full": {
        "mae": 0.02618276599273675,
        "crps": 0.018739886457721393,
        "pinball": {
          "pinball_0.05": 0.00435416391119361,
          "pinball_0.50": 0.013014596203962961,
          "pinball_0.95": 0.0031830835621804
        },
        "n_folds": 5
      },
      "WPN_no_wavelet": {
        "mae": 0.02618857559382314,
        "crps": 0.018841441099842392,
        "pinball": {
          "pinball_0.05": 0.004361923256268104,
          "pinball_0.50": 0.013058575801551342,
          "pinball_0.95": 0.003296995690713326
        },
        "n_folds": 5
      },
      "WPN_no_learnable": {
        "mae": 0.026182855414356887,
        "crps": 0.018741046140591303,
        "pinball": {
          "pinball_0.05": 0.004355932818725705,
          "pinball_0.50": 0.013015116875370344,
          "pinball_0.95": 0.003183248111357292
        },
        "n_folds": 5
      },
      "WPN_huber": {
        "mae": 0.026431954948329422,
        "crps": NaN,
        "pinball": {
          "pinball_0.05": 0.004757136382974534,
          "pinball_0.50": 0.013241051549400773,
          "pinball_0.95": 0.0035530495228205464
        },
        "n_folds": 5
      }
    },
    "h6": {
      "TimesNet": {
        "mae": 0.02612372566648939,
        "crps": NaN,
        "pinball": {
          "pinball_0.05": 0.004709111289490911,
          "pinball_0.50": 0.013062998507427575,
          "pinball_0.95": 0.0035753510271342944
        },
        "n_folds": 5
      },
      "WPN_full": {
        "mae": 0.026161462588815864,
        "crps": 0.018686929220954576,
        "pinball": {
          "pinball_0.05": 0.0043638268640885745,
          "pinball_0.50": 0.012971486834188303,
          "pinball_0.95": 0.0031529778925081095
        },
        "n_folds": 5
      },
      "WPN_no_wavelet": {
        "mae": 0.026236432328545334,
        "crps": 0.01879468709230423,
        "pinball": {
          "pinball_0.05": 0.004424978730579217,
          "pinball_0.50": 0.013022311652700107,
          "pinball_0.95": 0.003238626864428322
        },
        "n_folds": 5
      },
      "WPN_no_learnable": {
        "mae": 0.02616139344242722,
        "crps": 0.018687112629413607,
        "pinball": {
          "pinball_0.05": 0.00436395020224154,
          "pinball_0.50": 0.012971677941580615,
          "pinball_0.95": 0.003153495847557982
        },
        "n_folds": 5
      },
      "WPN_huber": {
        "mae": 0.026351622764527995,
        "crps": NaN,
        "pinball": {
          "pinball_0.05": 0.004743059576462115,
          "pinball_0.50": 0.013184918322500672,
          "pinball_0.95": 0.0035232938057836055
        },
        "n_folds": 5
      }
    },
    "h12": {
      "TimesNet": {
        "mae": 0.025949619452868288,
        "crps": NaN,
        "pinball": {
          "pinball_0.05": 0.004595252860184938,
          "pinball_0.50": 0.012978538346400292,
          "pinball_0.95": 0.0035617842072603783
        },
        "n_folds": 5
      },
      "WPN_full": {
        "mae": 0.026262709294953702,
        "crps": 0.018649586538473765,
        "pinball": {
          "pinball_0.05": 0.004395083291456103,
          "pinball_0.50": 0.01297481767833233,
          "pinball_0.95": 0.0031455050843457377
        },
        "n_folds": 5
      },
      "WPN_no_wavelet": {
        "mae": 0.026233247496057606,
        "crps": 0.018684944882988927,
        "pinball": {
          "pinball_0.05": 0.004426518874242902,
          "pinball_0.50": 0.012965429574251175,
          "pinball_0.95": 0.003193430261065562
        },
        "n_folds": 5
      },
      "WPN_no_learnable": {
        "mae": 0.026262431229541344,
        "crps": 0.01864985910554727,
        "pinball": {
          "pinball_0.05": 0.004393841605633497,
          "pinball_0.50": 0.012974638491868973,
          "pinball_0.95": 0.003145463873321811
        },
        "n_folds": 5
      },
      "WPN_huber": {
        "mae": 0.026303973120303047,
        "crps": NaN,
        "pinball": {
          "pinball_0.05": 0.004649518686858858,
          "pinball_0.50": 0.013167070052518503,
          "pinball_0.95": 0.003489160930178494
        },
        "n_folds": 5
      }
    }
  }
}