{
  "config": {
    "seq_len": 60,
    "horizons": [
      1,
      3,
      6,
      12
    ],
    "seeds": [
      0,
      1,
      2
    ],
    "epochs": 80,
    "lr": 0.001,
    "hidden": 32,
    "device": "cuda",
    "n_jobs": 8,
    "n_total_tasks": 360,
    "wall_clock_s": 1366.2933242321014,
    "variants": [
      "TimesNet",
      "TimesNet_GMM",
      "WPN_full",
      "WPN_no_wavelet",
      "WPN_no_learnable",
      "WPN_huber"
    ]
  },
  "aggregate": {
    "h1": {
      "TimesNet": {
        "mae": 0.026204034859622048,
        "crps": NaN,
        "pinball": {
          "pinball_0.05": 0.004716546139567833,
          "pinball_0.50": 0.01310378157201531,
          "pinball_0.95": 0.003589882621342318
        },
        "n_folds": 5
      },
      "TimesNet_GMM": {
        "mae": 0.025468258816213542,
        "crps": 0.018394064034024875,
        "pinball": {
          "pinball_0.05": 0.0043601241894066336,
          "pinball_0.50": 0.012700041756033897,
          "pinball_0.95": 0.003263702197000384
        },
        "n_folds": 5
      },
      "WPN_full": {
        "mae": 0.025880184767252484,
        "crps": 0.01857218580941359,
        "pinball": {
          "pinball_0.05": 0.004272279283031821,
          "pinball_0.50": 0.012941933919986087,
          "pinball_0.95": 0.0032333558890968563
        },
        "n_folds": 5
      },
      "WPN_no_wavelet": {
        "mae": 0.025730061182247254,
        "crps": 0.018570020298163094,
        "pinball": {
          "pinball_0.05": 0.004266230762004853,
          "pinball_0.50": 0.012858851129810018,
          "pinball_0.95": 0.00336742812457184
        },
        "n_folds": 5
      },
      "WPN_no_learnable": {
        "mae": 0.02589136365756417,
        "crps": 0.018564842020471893,
        "pinball": {
          "pinball_0.05": 0.004281017975881695,
          "pinball_0.50": 0.012938549866278968,
          "pinball_0.95": 0.003232922125607729
        },
        "n_folds": 5
      },
      "WPN_huber": {
        "mae": 0.02632787696784552,
        "crps": NaN,
        "pinball": {
          "pinball_0.05": 0.004685179593746135,
          "pinball_0.50": 0.013199661176775141,
          "pinball_0.95": 0.0036293805656513606
        },
        "n_folds": 5
      }
    },
    "h3": {
      "TimesNet": {
        "mae": 0.026265161455721546,
        "crps": NaN,
        "pinball": {
          "pinball_0.05": 0.0047424759412227875,
          "pinball_0.50": 0.013134146966119906,
          "pinball_0.95": 0.003581406532201599
        },
        "n_folds": 5
      },
      "TimesNet_GMM": {
        "mae": 0.026038151076299854,
        "crps": 0.01869604190190633,
        "pinball": {
          "pinball_0.05": 0.004545765866835911,
          "pinball_0.50": 0.012877905617157617,
          "pinball_0.95": 0.0032274883085240923
        },
        "n_folds": 5
      },
      "WPN_full": {
        "mae": 0.026184032757381858,
        "crps": 0.018741054212053618,
        "pinball": {
          "pinball_0.05": 0.00435194141852359,
          "pinball_0.50": 0.01301949868599574,
          "pinball_0.95": 0.0031827855544785655
        },
        "n_folds": 5
      },
      "WPN_no_wavelet": {
        "mae": 0.026188591852055902,
        "crps": 0.018841447432835896,
        "pinball": {
          "pinball_0.05": 0.004361924482509493,
          "pinball_0.50": 0.013058580147723356,
          "pinball_0.95": 0.0032969953647504257
        },
        "n_folds": 5
      },
      "WPN_no_learnable": {
        "mae": 0.026177941984863968,
        "crps": 0.018736818929513295,
        "pinball": {
          "pinball_0.05": 0.004350661874438325,
          "pinball_0.50": 0.013018562210102877,
          "pinball_0.95": 0.0031844967044889925
        },
        "n_folds": 5
      },
      "WPN_huber": {
        "mae": 0.0264319562753024,
        "crps": NaN,
        "pinball": {
          "pinball_0.05": 0.004757137909591709,
          "pinball_0.50": 0.013241051973023193,
          "pinball_0.95": 0.0035530480540876585
        },
        "n_folds": 5
      }
    },
    "h6": {
      "TimesNet": {
        "mae": 0.026123725676978897,
        "crps": NaN,
        "pinball": {
          "pinball_0.05": 0.004709111290069956,
          "pinball_0.50": 0.013062998513844565,
          "pinball_0.95": 0.003575351027606221
        },
        "n_folds": 5
      },
      "TimesNet_GMM": {
        "mae": 0.02602572025649579,
        "crps": 0.01856473522881667,
        "pinball": {
          "pinball_0.05": 0.0044904331366221115,
          "pinball_0.50": 0.0128461845840017,
          "pinball_0.95": 0.0032111911879231536
        },
        "n_folds": 5
      },
      "WPN_full": {
        "mae": 0.02616161667222185,
        "crps": 0.01868682603041331,
        "pinball": {
          "pinball_0.05": 0.004363160378610094,
          "pinball_0.50": 0.012971476713816325,
          "pinball_0.95": 0.003152944209674994
        },
        "n_folds": 5
      },
      "WPN_no_wavelet": {
        "mae": 0.0262364191256697,
        "crps": 0.018794696033000945,
        "pinball": {
          "pinball_0.05": 0.0044249796153356625,
          "pinball_0.50": 0.013022336177527905,
          "pinball_0.95": 0.0032386190568407377
        },
        "n_folds": 5
      },
      "WPN_no_learnable": {
        "mae": 0.026160786436618212,
        "crps": 0.01868699292341868,
        "pinball": {
          "pinball_0.05": 0.004364623005191486,
          "pinball_0.50": 0.012971285358071327,
          "pinball_0.95": 0.0031528046509871877
        },
        "n_folds": 5
      },
      "WPN_huber": {
        "mae": 0.026351621355033533,
        "crps": NaN,
        "pinball": {
          "pinball_0.05": 0.004743059136255564,
          "pinball_0.50": 0.013184917498387311,
          "pinball_0.95": 0.0035232941200756688
        },
        "n_folds": 5
      }
    },
    "h12": {
      "TimesNet": {
        "mae": 0.02594961947077523,
        "crps": NaN,
        "pinball": {
          "pinball_0.05": 0.0045952528608721125,
          "pinball_0.50": 0.012978538354666586,
          "pinball_0.95": 0.0035617842077555473
        },
        "n_folds": 5
      },
      "TimesNet_GMM": {
        "mae": 0.026012038670190425,
        "crps": 0.018483370790878927,
        "pinball": {
          "pinball_0.05": 0.004448496333012978,
          "pinball_0.50": 0.012798701102534931,
          "pinball_0.95": 0.0031814966971675553
        },
        "n_folds": 5
      },
      "WPN_full": {
        "mae": 0.026262455852664214,
        "crps": 0.018649784723917644,
        "pinball": {
          "pinball_0.05": 0.004394185993199547,
          "pinball_0.50": 0.012974661402404308,
          "pinball_0.95": 0.003145530602584283
        },
        "n_folds": 5
      },
      "WPN_no_wavelet": {
        "mae": 0.026233247491979878,
        "crps": 0.018684941157698632,
        "pinball": {
          "pinball_0.05": 0.004426511734103163,
          "pinball_0.50": 0.012965431809425354,
          "pinball_0.95": 0.0031934318908800685
        },
        "n_folds": 5
      },
      "WPN_no_learnable": {
        "mae": 0.02626246280030355,
        "crps": 0.01864963596065839,
        "pinball": {
          "pinball_0.05": 0.004394162322084109,
          "pinball_0.50": 0.012974683629969754,
          "pinball_0.95": 0.003145518573001027
        },
        "n_folds": 5
      },
      "WPN_huber": {
        "mae": 0.026303973552191766,
        "crps": NaN,
        "pinball": {
          "pinball_0.05": 0.004649518753790594,
          "pinball_0.50": 0.013167070267715056,
          "pinball_0.95": 0.0034891608972618593
        },
        "n_folds": 5
      }
    }
  }
}