{
  "config": {
    "seq_len": 60,
    "horizons": [
      1,
      3,
      6,
      12
    ],
    "seeds": [
      0,
      1,
      2
    ],
    "quantiles": [
      0.01,
      0.05,
      0.1,
      0.25,
      0.5,
      0.75,
      0.9,
      0.95,
      0.99
    ],
    "winkler_levels": [
      0.5,
      0.8,
      0.9,
      0.95
    ],
    "epochs": 80,
    "lr": 0.001,
    "device": "cuda",
    "n_jobs": 8,
    "n_total_tasks": 120,
    "wall_clock_s": 111.98512673377991
  },
  "metrics": {
    "h1": {
      "TimesNet": {
        "mae": 0.026204034815966303,
        "mase": 0.8098383290217747,
        "crps": 0.019340120255947113,
        "pinball": {
          "pinball_0.01": 0.001502082683146,
          "pinball_0.05": 0.004689560737460852,
          "pinball_0.10": 0.007432614453136921,
          "pinball_0.25": 0.012138469144701958,
          "pinball_0.50": 0.01310549397021532,
          "pinball_0.75": 0.009725835174322128,
          "pinball_0.90": 0.005761410109698772,
          "pinball_0.95": 0.003564125392585993,
          "pinball_0.99": 0.0009921917226165533
        },
        "winkler": {
          "winkler_0.50": 0.08745722025632859,
          "winkler_0.80": 0.13194025158882142,
          "winkler_0.90": 0.16507371068000792,
          "winkler_0.95": 0.20021890699863434
        },
        "coverage": {
          "coverage_0.50": 0.6453125,
          "coverage_0.80": 0.8953125,
          "coverage_0.90": 0.9609375,
          "coverage_0.95": 0.975
        },
        "n_folds": 5
      },
      "TimesNet_GMM": {
        "mae": 0.025468257450304083,
        "mase": 0.7867639834038911,
        "crps": 0.01828857511281967,
        "pinball": {
          "pinball_0.01": 0.0016095585888251662,
          "pinball_0.05": 0.00427398132160306,
          "pinball_0.10": 0.006718904711306095,
          "pinball_0.25": 0.011033345013856888,
          "pinball_0.50": 0.012598037719726562,
          "pinball_0.75": 0.009555582888424397,
          "pinball_0.90": 0.005387895740568638,
          "pinball_0.95": 0.0032236457336694,
          "pinball_0.99": 0.0009517982834950089
        },
        "winkler": {
          "winkler_0.50": 0.08235570788383484,
          "winkler_0.80": 0.12106800079345703,
          "winkler_0.90": 0.1499525398015976,
          "winkler_0.95": 0.19088216125965118
        },
        "coverage": {
          "coverage_0.50": 0.5359375,
          "coverage_0.80": 0.8265625,
          "coverage_0.90": 0.9109375,
          "coverage_0.95": 0.96875
        },
        "n_folds": 5,
        "crps_skill_score": 0.05437117914528422
      }
    },
    "h3": {
      "TimesNet": {
        "mae": 0.02626516143607647,
        "mase": 0.7408988705042792,
        "crps": 0.019398398324847223,
        "pinball": {
          "pinball_0.01": 0.0015187805984169245,
          "pinball_0.05": 0.004741867072880268,
          "pinball_0.10": 0.007456236518919468,
          "pinball_0.25": 0.012127774767577648,
          "pinball_0.50": 0.013108083978295326,
          "pinball_0.75": 0.00975778792053461,
          "pinball_0.90": 0.005749289412051439,
          "pinball_0.95": 0.003585006343200803,
          "pinball_0.99": 0.0009968854719772935
        },
        "winkler": {
          "winkler_0.50": 0.0875422477722168,
          "winkler_0.80": 0.13205525279045105,
          "winkler_0.90": 0.16653746664524077,
          "winkler_0.95": 0.20262702107429503
        },
        "coverage": {
          "coverage_0.50": 0.6515625,
          "coverage_0.80": 0.9010416666666667,
          "coverage_0.90": 0.9604166666666666,
          "coverage_0.95": 0.9755208333333332
        },
        "n_folds": 5
      },
      "TimesNet_GMM": {
        "mae": 0.026038150648872715,
        "mase": 0.734541321294657,
        "crps": 0.01860295943915844,
        "pinball": {
          "pinball_0.01": 0.0016391042154282331,
          "pinball_0.05": 0.00447178166359663,
          "pinball_0.10": 0.006943949963897467,
          "pinball_0.25": 0.011246388778090477,
          "pinball_0.50": 0.012837162241339684,
          "pinball_0.75": 0.009677485562860966,
          "pinball_0.90": 0.005406632088124752,
          "pinball_0.95": 0.003226319793611765,
          "pinball_0.99": 0.000910674047190696
        },
        "winkler": {
          "winkler_0.50": 0.08369550108909607,
          "winkler_0.80": 0.12350582480430602,
          "winkler_0.90": 0.15396201908588408,
          "winkler_0.95": 0.19236745834350585
        },
        "coverage": {
          "coverage_0.50": 0.5385416666666667,
          "coverage_0.80": 0.828125,
          "coverage_0.90": 0.9177083333333333,
          "coverage_0.95": 0.9703125
        },
        "n_folds": 5,
        "crps_skill_score": 0.04100538984550661
      }
    },
    "h6": {
      "TimesNet": {
        "mae": 0.02612372568560899,
        "mase": 0.7367585729789736,
        "crps": 0.019299712777137757,
        "pinball": {
          "pinball_0.01": 0.0014706625370308757,
          "pinball_0.05": 0.004694325849413872,
          "pinball_0.10": 0.007424411829560995,
          "pinball_0.25": 0.012092629447579384,
          "pinball_0.50": 0.013073883950710297,
          "pinball_0.75": 0.009687038138508797,
          "pinball_0.90": 0.005736015737056732,
          "pinball_0.95": 0.00357215479016304,
          "pinball_0.99": 0.001000907737761736
        },
        "winkler": {
          "winkler_0.50": 0.08711866736412048,
          "winkler_0.80": 0.13160427957773208,
          "winkler_0.90": 0.16532961130142212,
          "winkler_0.95": 0.20046969950199128
        },
        "coverage": {
          "coverage_0.50": 0.6549479166666667,
          "coverage_0.80": 0.903125,
          "coverage_0.90": 0.9643229166666668,
          "coverage_0.95": 0.9763020833333332
        },
        "n_folds": 5
      },
      "TimesNet_GMM": {
        "mae": 0.02602572049933466,
        "mase": 0.7341119410025908,
        "crps": 0.018580078333616256,
        "pinball": {
          "pinball_0.01": 0.0016268070321530104,
          "pinball_0.05": 0.004471021704375744,
          "pinball_0.10": 0.0069180079735815525,
          "pinball_0.25": 0.011223776265978813,
          "pinball_0.50": 0.012819921597838402,
          "pinball_0.75": 0.009626970626413822,
          "pinball_0.90": 0.005346603225916624,
          "pinball_0.95": 0.0031906000804156065,
          "pinball_0.99": 0.0009309111046604812
        },
        "winkler": {
          "winkler_0.50": 0.08340298682451248,
          "winkler_0.80": 0.12264611274003982,
          "winkler_0.90": 0.1532324492931366,
          "winkler_0.95": 0.19221875667572022
        },
        "coverage": {
          "coverage_0.50": 0.5382812499999999,
          "coverage_0.80": 0.8330729166666666,
          "coverage_0.90": 0.9247395833333332,
          "coverage_0.95": 0.97109375
        },
        "n_folds": 5,
        "crps_skill_score": 0.037287313641992226
      }
    },
    "h12": {
      "TimesNet": {
        "mae": 0.025949619471290614,
        "mase": 0.7214551242330733,
        "crps": 0.019120512530207634,
        "pinball": {
          "pinball_0.01": 0.001389048877172172,
          "pinball_0.05": 0.004595370031893253,
          "pinball_0.10": 0.007327935192734003,
          "pinball_0.25": 0.011974984779953957,
          "pinball_0.50": 0.012980508618056774,
          "pinball_0.75": 0.009555472061038017,
          "pinball_0.90": 0.0056959521025419235,
          "pinball_0.95": 0.0035606648307293653,
          "pinball_0.99": 0.0009913035901263356
        },
        "winkler": {
          "winkler_0.50": 0.08612182885408401,
          "winkler_0.80": 0.13023886680603028,
          "winkler_0.90": 0.16312069594860076,
          "winkler_0.95": 0.19639500379562377
        },
        "coverage": {
          "coverage_0.50": 0.6580729166666667,
          "coverage_0.80": 0.9057291666666668,
          "coverage_0.90": 0.965234375,