{
  "config": {
    "INITIAL_TRAIN_FRAC": 0.5,
    "TEST_FRAC": 0.07,
    "STEP_FRAC": 0.1,
    "HORIZONS": [
      1,
      3,
      6,
      12
    ],
    "N_MIXTURES": 4,
    "HS_WINDOW": 120,
    "n_series": 1832
  },
  "metrics": {
    "garch_gmm": {
      "h1": {
        "mean_mae": 0.02588686386918972,
        "std_mae": 0.0013813719413248247,
        "mean_crps": 0.019375245367232355,
        "std_crps": 0.0013623232454813817,
        "mean_pinball_0.05": 0.004960308007827803,
        "std_pinball_0.05": 0.0007331234557204048,
        "mean_pinball_0.50": 0.012946582932393636,
        "std_pinball_0.50": 0.0006911729691430659,
        "mean_pinball_0.95": 0.003915599085085609,
        "std_pinball_0.95": 0.0008833895649133645,
        "mean_coverage_0.90": 0.717948717948718,
        "std_coverage_0.90": 0.03898035641364576,
        "n_folds": 5
      },
      "h3": {
        "mean_mae": 0.0257527304882219,
        "std_mae": 0.0016684734590623532,
        "mean_crps": 0.01932382936626139,
        "std_crps": 0.0014931111397787301,
        "mean_pinball_0.05": 0.005056989353871543,
        "std_pinball_0.05": 0.0007692889791965628,
        "mean_pinball_0.50": 0.01287949505154919,
        "std_pinball_0.50": 0.0008344217274455744,
        "mean_pinball_0.95": 0.003914377042554414,
        "std_pinball_0.95": 0.0009852921936131006,
        "mean_coverage_0.90": 0.72991452991453,
        "std_coverage_0.90": 0.03528165374453042,
        "n_folds": 5
      },
      "h6": {
        "mean_mae": 0.025560342969425182,
        "std_mae": 0.0025159807743951766,
        "mean_crps": 0.01906154067331705,
        "std_crps": 0.00223968284413931,
        "mean_pinball_0.05": 0.004939480323837571,
        "std_pinball_0.05": 0.0007877578641405866,
        "mean_pinball_0.50": 0.012783415979615062,
        "std_pinball_0.50": 0.001257742223447616,
        "mean_pinball_0.95": 0.0038731599040661537,
        "std_pinball_0.95": 0.0010301951490838959,
        "mean_coverage_0.90": 0.7282051282051282,
        "std_coverage_0.90": 0.04304163525474933,
        "n_folds": 5
      },
      "h12": {
        "mean_mae": 0.025517237081276435,
        "std_mae": 0.002922375773377354,
        "mean_crps": 0.019011620192970376,
        "std_crps": 0.0025134339131288467,
        "mean_pinball_0.05": 0.005041200469088303,
        "std_pinball_0.05": 0.0007192305889512505,
        "mean_pinball_0.50": 0.012762304054907836,
        "std_pinball_0.50": 0.001460240723223811,
        "mean_pinball_0.95": 0.003716407122111861,
        "std_pinball_0.95": 0.0010135124409503054,
        "mean_coverage_0.90": 0.7230769230769231,
        "std_coverage_0.90": 0.04276921710494633,
        "n_folds": 5
      }
    },
    "historical_sim": {
      "h1": {
        "mean_mae": 0.026290102289477212,
        "std_mae": 0.0017409886940630145,
        "mean_crps": 0.018935491837694225,
        "std_crps": 0.0013814598236065207,
        "mean_pinball_0.05": 0.00483760031220032,
        "std_pinball_0.05": 0.0007856718245365759,
        "mean_pinball_0.50": 0.012883721969496076,
        "std_pinball_0.50": 0.0007696773416596089,
        "mean_pinball_0.95": 0.0031833828318902544,
        "std_pinball_0.95": 0.00021256533560157887,
        "mean_coverage_0.90": 0.8905982905982907,
        "std_coverage_0.90": 0.04877040211175078,
        "n_folds": 5
      },
      "h3": {
        "mean_mae": 0.02617213699832337,
        "std_mae": 0.0019924239231519326,
        "mean_crps": 0.018813451981892215,
        "std_crps": 0.0014046337336625545,
        "mean_pinball_0.05": 0.004932772356149159,
        "std_pinball_0.05": 0.0007475978003611171,
        "mean_pinball_0.50": 0.01282270205739637,
        "std_pinball_0.50": 0.0009415085917599819,
        "mean_pinball_0.95": 0.003185172532628187,
        "std_pinball_0.95": 0.00022487632221162985,
        "mean_coverage_0.90": 0.8923076923076924,
        "std_coverage_0.90": 0.04971979340939823,
        "n_folds": 5
      },
      "h6": {
        "mean_mae": 0.02602280786919729,
        "std_mae": 0.0026570470970053565,
        "mean_crps": 0.018601130966049588,
        "std_crps": 0.002055800808579284,
        "mean_pinball_0.05": 0.0048418665346898,
        "std_pinball_0.05": 0.0008207803668792527,
        "mean_pinball_0.50": 0.012741333654147655,
        "std_pinball_0.50": 0.0013180283045844624,
        "mean_pinball_0.95": 0.0031373664876217016,
        "std_pinball_0.95": 0.0002817128524948188,
        "mean_coverage_0.90": 0.8923076923076924,
        "std_coverage_0.90": 0.05229763603684908,
        "n_folds": 5
      },
      "h12": {
        "mean_mae": 0.026000225867756643,
        "std_mae": 0.0029378468052462976,
        "mean_crps": 0.01847674469138689,
        "std_crps": 0.00220563074734638,
        "mean_pinball_0.05": 0.004768600017604333,
        "std_pinball_0.05": 0.0008781060415135729,
        "mean_pinball_0.50": 0.012734919786386578,
        "std_pinball_0.50": 0.0015133182972035927,
        "mean_pinball_0.95": 0.003003882229511136,
        "std_pinball_0.95": 0.0003589169521833254,
        "mean_coverage_0.90": 0.9008547008547009,
        "std_coverage_0.90": 0.05761469930377,
        "n_folds": 5
      }
    }
  }
}