{
  "config": {
    "K_VALUES": [
      2,
      4,
      6,
      8
    ],
    "BACKBONES": [
      "NBEATS",
      "TimesNet"
    ],
    "SEQ_LEN": 60,
    "HORIZONS": [
      1,
      3,
      6,
      12
    ],
    "SEEDS": [
      0,
      1,
      2
    ],
    "EPOCHS": 80,
    "HIDDEN": 64,
    "DEVICE": "cuda",
    "INITIAL_TRAIN_FRAC": 0.5,
    "TEST_FRAC": 0.07,
    "STEP_FRAC": 0.1
  },
  "metrics": {
    "NBEATS_gmm_K2": {
      "h1": {
        "mean_mae": 0.026242696618040403,
        "std_mae": 0.0020128735153258606,
        "mean_crps": 0.01909335106611252,
        "std_crps": 0.0016469027505642238,
        "n": 15
      },
      "h3": {
        "mean_mae": 0.02645067051053047,
        "std_mae": 0.0018358145626650823,
        "mean_crps": 0.019011309867103896,
        "std_crps": 0.0014572425123299312,
        "n": 15
      },
      "h6": {
        "mean_mae": 0.026150546595454217,
        "std_mae": 0.0019684688875496823,
        "mean_crps": 0.018712347249190013,
        "std_crps": 0.001563457236907675,
        "n": 15
      },
      "h12": {
        "mean_mae": 0.02597445473074913,
        "std_mae": 0.002025228954272888,
        "mean_crps": 0.01851617731153965,
        "std_crps": 0.0015632633867548654,
        "n": 15
      }
    },
    "NBEATS_gmm_K4": {
      "h1": {
        "mean_mae": 0.02630226065715154,
        "std_mae": 0.002256708275115941,
        "mean_crps": 0.01937221797804038,
        "std_crps": 0.001965742884497796,
        "n": 15
      },
      "h3": {
        "mean_mae": 0.026454527800281843,
        "std_mae": 0.0017830962149018438,
        "mean_crps": 0.01903738056619962,
        "std_crps": 0.0014746018398405555,
        "n": 15
      },
      "h6": {
        "mean_mae": 0.02603102127710978,
        "std_mae": 0.0019942862584348665,
        "mean_crps": 0.018593625351786613,
        "std_crps": 0.0015552079353454511,
        "n": 15
      },
      "h12": {
        "mean_mae": 0.025845323130488394,
        "std_mae": 0.002007242115124343,
        "mean_crps": 0.01841548743347327,
        "std_crps": 0.0015387983467777628,
        "n": 15
      }
    },
    "NBEATS_gmm_K6": {
      "h1": {
        "mean_mae": 0.026745465770363807,
        "std_mae": 0.0018581251032588793,
        "mean_crps": 0.019528983160853386,
        "std_crps": 0.00175914031522035,
        "n": 15
      },
      "h3": {
        "mean_mae": 0.026457233602801958,
        "std_mae": 0.001963954113337624,
        "mean_crps": 0.019018911321957908,
        "std_crps": 0.0016024045440840942,
        "n": 15
      },
      "h6": {
        "mean_mae": 0.025832540541887283,
        "std_mae": 0.0018783851010343792,
        "mean_crps": 0.018495410059889156,
        "std_crps": 0.00149812356274776,
        "n": 15
      },
      "h12": {
        "mean_mae": 0.02581091473499934,
        "std_mae": 0.002007013624980763,
        "mean_crps": 0.01838918812572956,
        "std_crps": 0.0015478897538231601,
        "n": 15
      }
    },
    "NBEATS_gmm_K8": {
      "h1": {
        "mean_mae": 0.02624437945584456,
        "std_mae": 0.0019816971135191547,
        "mean_crps": 0.019267700612545013,
        "std_crps": 0.0018010650639413931,
        "n": 15
      },
      "h3": {
        "mean_mae": 0.026251719146966935,
        "std_mae": 0.001797634961145534,
        "mean_crps": 0.01885216049849987,
        "std_crps": 0.001453360690093581,
        "n": 15
      },
      "h6": {
        "mean_mae": 0.025918364773193994,
        "std_mae": 0.0019124553306234461,
        "mean_crps": 0.01851825639605522,
        "std_crps": 0.001522303457953224,
        "n": 15
      },
      "h12": {
        "mean_mae": 0.02587508757909139,
        "std_mae": 0.002004474521535744,
        "mean_crps": 0.018427672733863195,
        "std_crps": 0.0015515766869072416,
        "n": 15
      }
    },
    "TimesNet_gmm_K2": {
      "h1": {
        "mean_mae": 0.025609004373351733,
        "std_mae": 0.002008170324014576,
        "mean_crps": 0.01836124857266744,
        "std_crps": 0.0013784853073999408,
        "n": 15
      },
      "h3": {
        "mean_mae": 0.026088572790225348,
        "std_mae": 0.001869127146702903,
        "mean_crps": 0.018697671716411908,
        "std_crps": 0.001391193742837465,
        "n": 15
      },
      "h6": {
        "mean_mae": 0.026062824204564093,
        "std_mae": 0.0019695061992436296,
        "mean_crps": 0.018576231971383094,
        "std_crps": 0.001458851100228548,
        "n": 15
      },
      "h12": {
        "mean_mae": 0.026055670777956643,
        "std_mae": 0.0020100928718576145,
        "mean_crps": 0.018502041697502136,
        "std_crps": 0.0014870525640934315,
        "n": 15
      }
    },
    "TimesNet_gmm_K4": {
      "h1": {
        "mean_mae": 0.02561044842004776,
        "std_mae": 0.0020029660586514493,
        "mean_crps": 0.018394064034024875,
        "std_crps": 0.0013806489209643336,
        "n": 15
      },
      "h3": {
        "mean_mae": 0.026088314379254976,
        "std_mae": 0.0018733809647613875,
        "mean_crps": 0.018696042026082674,
        "std_crps": 0.001392976354768624,
        "n": 15
      },
      "h6": {
        "mean_mae": 0.026051512733101845,
        "std_mae": 0.0019793676015230854,
        "mean_crps": 0.018564735352993012,
        "std_crps": 0.0014668502304483186,
        "n": 15
      },
      "h12": {
        "mean_mae": 0.02602282464504242,
        "std_mae": 0.0020156692963530145,
        "mean_crps": 0.018483370542526245,
        "std_crps": 0.001490557535556478,
        "n": 15
      }
    },
    "TimesNet_gmm_K6": {
      "h1": {
        "mean_mae": 0.025631456325451534,
        "std_mae": 0.00199675026006061,
        "mean_crps": 0.018383327250679333,
        "std_crps": 0.0014024709486834888,
        "n": 15
      },
      "h3": {
        "mean_mae": 0.02608889080584049,
        "std_mae": 0.0018657823038907124,
        "mean_crps": 0.01868629306554794,
        "std_crps": 0.0013956850857313058,
        "n": 15
      },
      "h6": {
        "mean_mae": 0.026056427136063577,
        "std_mae": 0.001974443439263558,
        "mean_crps": 0.018586106474200885,
        "std_crps": 0.00145881243964667,
        "n": 15
      },
      "h12": {
        "mean_mae": 0.026023100689053537,
        "std_mae": 0.0020115779656374854,
        "mean_crps": 0.018507360046108565,
        "std_crps": 0.001489499961942048,
        "n": 15
      }
    },
    "TimesNet_gmm_K8": {
      "h1": {
        "mean_mae": 0.02563759113351504,
        "std_mae": 0.0019932911766072725,
        "mean_crps": 0.0183977289746205,
        "std_crps": 0.0013978821657995245,
        "n": 15
      },
      "h3": {
        "mean_mae": 0.026094810540477433,
        "std_mae": 0.0018663105414454923,
        "mean_crps": 0.01870440455774466,
        "std_crps": 0.0013923499991942648,
        "n": 15
      },
      "h6": {
        "mean_mae": 0.026055293281873067,
        "std_mae": 0.001980134330545187,
        "mean_crps": 0.018589724476138752,
        "std_crps": 0.0014579556651296347,
        "n": 15
      },
      "h12": {
        "mean_mae": 0.026037536437312762,
        "std_mae": 0.0020110909821064948,
        "mean_crps": 0.018508214503526688,
        "std_crps": 0.001490823924292463,
        "n": 15
      }
    }
  }
}