{
  "config": {
    "INITIAL_TRAIN_FRAC": 0.5,
    "TEST_FRAC": 0.07,
    "STEP_FRAC": 0.1,
    "HORIZONS": [
      1,
      3,
      6,
      12
    ],
    "N_MIXTURES": 4,
    "HS_WINDOW": 120,
    "N_SAMPLES": 500
  },
  "dm_test": {
    "h1": {
      "dm_stat_garch_vs_hs": -2.523942244898967,
      "p_value_garch_vs_hs": 0.011869638438683605,
      "n": 585,
      "dm_stat_tngmm_vs_garch": 0.6384219202892436,
      "p_value_tngmm_vs_garch": 0.5244795401725506,
      "n_fold0": 117
    },
    "h3": {
      "dm_stat_garch_vs_hs": -2.3453965931862495,
      "p_value_garch_vs_hs": 0.01934287032942361,
      "n": 585,
      "dm_stat_tngmm_vs_garch": 1.4515012653173667,
      "p_value_tngmm_vs_garch": 0.149435682964161,
      "n_fold0": 117
    },
    "h6": {
      "dm_stat_garch_vs_hs": -2.6025236682032635,
      "p_value_garch_vs_hs": 0.00949310292216432,
      "n": 585,
      "dm_stat_tngmm_vs_garch": 1.2528206317267716,
      "p_value_tngmm_vs_garch": 0.21302774477693798,
      "n_fold0": 117
    },
    "h12": {
      "dm_stat_garch_vs_hs": -2.2319008315892788,
      "p_value_garch_vs_hs": 0.026014916233337182,
      "n": 585,
      "dm_stat_tngmm_vs_garch": -0.6250276639702687,
      "p_value_tngmm_vs_garch": 0.5334672532915206,
      "n_fold0": 117
    }
  }
}