{
  "h1": {
    "TimesNet_point": {
      "pinball_0.05": 0.004689560737460852,
      "pinball_0.10": 0.007432614266872406,
      "pinball_0.50": 0.013105492852628232,
      "pinball_0.90": 0.005761410482227803,
      "pinball_0.95": 0.0035641252063214777
    },
    "DLinear_point": {
      "pinball_0.05": 0.004726019874215126,
      "pinball_0.10": 0.007488972600549459,
      "pinball_0.50": 0.013210362382233143,
      "pinball_0.90": 0.005749569926410914,
      "pinball_0.95": 0.003551850747317076
    },
    "NBEATS_point": {
      "pinball_0.05": 0.004711670707911253,
      "pinball_0.10": 0.007461999263614416,
      "pinball_0.50": 0.013154480420053006,
      "pinball_0.90": 0.005779237300157547,
      "pinball_0.95": 0.0035758785903453826
    },
    "iTransformer_point": {
      "pinball_0.05": 0.00472340164706111,
      "pinball_0.10": 0.007477742712944746,
      "pinball_0.50": 0.013180247135460376,
      "pinball_0.90": 0.005760876834392548,
      "pinball_0.95": 0.003562472015619278
    },
    "TimesNet_gauss": {
      "pinball_0.05": 0.004472737386822701,
      "pinball_0.10": 0.007051752507686615,
      "pinball_0.50": 0.012785641290247441,
      "pinball_0.90": 0.005643493589013815,
      "pinball_0.95": 0.0034540357999503614
    },
    "DLinear_gauss": {
      "pinball_0.05": 0.0043607740197330715,
      "pinball_0.10": 0.006933822948485613,
      "pinball_0.50": 0.012983191013336181,
      "pinball_0.90": 0.005666426196694374,
      "pinball_0.95": 0.0034464530181139708
    },
    "NBEATS_gauss": {
      "pinball_0.05": 0.004349290113896132,
      "pinball_0.10": 0.006829769816249609,
      "pinball_0.50": 0.012809209898114205,
      "pinball_0.90": 0.005432986840605736,
      "pinball_0.95": 0.003274346562102437
    },
    "iTransformer_gauss": {
      "pinball_0.05": 0.004766536504030227,
      "pinball_0.10": 0.007510093878954649,
      "pinball_0.50": 0.013209109380841254,
      "pinball_0.90": 0.005787985026836395,
      "pinball_0.95": 0.0035951586440205576
    },
    "TimesNet_gmm": {
      "pinball_0.05": 0.004273981275036931,
      "pinball_0.10": 0.00671890452504158,
      "pinball_0.50": 0.012598038651049137,
      "pinball_0.90": 0.005387895368039608,
      "pinball_0.95": 0.0032236449886113407
    },
    "DLinear_gmm": {
      "pinball_0.05": 0.004245033441111446,
      "pinball_0.10": 0.006729281786829233,
      "pinball_0.50": 0.012858678214251995,
      "pinball_0.90": 0.005543237272650004,
      "pinball_0.95": 0.0033545135520398617
    },
    "NBEATS_gmm": {
      "pinball_0.05": 0.004243269469588995,
      "pinball_0.10": 0.006689780484884977,
      "pinball_0.50": 0.012792645767331124,
      "pinball_0.90": 0.005480867158621549,
      "pinball_0.95": 0.003259977186098695
    },
    "iTransformer_gmm": {
      "pinball_0.05": 0.004609697358682751,
      "pinball_0.10": 0.007094297185540199,
      "pinball_0.50": 0.012992421537637711,
      "pinball_0.90": 0.005393752176314592,
      "pinball_0.95": 0.003231483744457364
    }
  },
  "h3": {
    "TimesNet_point": {
      "pinball_0.05": 0.004741867259144783,
      "pinball_0.10": 0.007456236146390438,
      "pinball_0.50": 0.013108083233237266,
      "pinball_0.90": 0.005749289505183696,
      "pinball_0.95": 0.0035850063897669314
    },
    "DLinear_point": {
      "pinball_0.05": 0.004754363000392914,
      "pinball_0.10": 0.007477039191871882,
      "pinball_0.50": 0.013142510503530502,
      "pinball_0.90": 0.005733488779515028,
      "pinball_0.95": 0.003572171600535512
    },
    "NBEATS_point": {
      "pinball_0.05": 0.004743027593940496,
      "pinball_0.10": 0.0074548468925058845,
      "pinball_0.50": 0.013103951886296272,
      "pinball_0.90": 0.005758028756827116,
      "pinball_0.95": 0.0035901003517210483
    },
    "iTransformer_point": {
      "pinball_0.05": 0.0047459552064538,
      "pinball_0.10": 0.0074646539054811,
      "pinball_0.50": 0.01311191376298666,
      "pinball_0.90": 0.0057460559532046315,
      "pinball_0.95": 0.0035808433778584
    },
    "TimesNet_gauss": {
      "pinball_0.05": 0.004635959025472402,
      "pinball_0.10": 0.007323041278868914,
      "pinball_0.50": 0.0131061477586627,
      "pinball_0.90": 0.005618196539580822,
      "pinball_0.95": 0.0034307440277189017
    },
    "DLinear_gauss": {
      "pinball_0.05": 0.004409266915172338,
      "pinball_0.10": 0.007026192545890808,
      "pinball_0.50": 0.013236351870000362,
      "pinball_0.90": 0.005673806555569172,
      "pinball_0.95": 0.003399252938106656
    },
    "NBEATS_gauss": {
      "pinball_0.05": 0.00439321892336011,
      "pinball_0.10": 0.006901147682219744,
      "pinball_0.50": 0.012899889424443246,
      "pinball_0.90": 0.005327226035296917,
      "pinball_0.95": 0.003159580985084176
    },
    "iTransformer_gauss": {
      "pinball_0.05": 0.004769720882177353,
      "pinball_0.10": 0.007515558693557978,
      "pinball_0.50": 0.013166769035160541,
      "pinball_0.90": 0.005773960333317518,
      "pinball_0.95": 0.00359805366024375
    },
    "TimesNet_gmm": {
      "pinball_0.05": 0.004471807740628719,
      "pinball_0.10": 0.006943958997726441,
      "pinball_0.50": 0.012837162800133228,
      "pinball_0.90": 0.005406632181257009,
      "pinball_0.95": 0.003226319653913379
    },
    "DLinear_gmm": {
      "pinball_0.05": 0.004335380438715219,
      "pinball_0.10": 0.006777966953814029,
      "pinball_0.50": 0.013146449811756611,
      "pinball_0.90": 0.0055499782785773276,
      "pinball_0.95": 0.0032742958050221206
    },
    "NBEATS_gmm": {
      "pinball_0.05": 0.00443445066921413,
      "pinball_0.10": 0.0069204652681946754,
      "pinball_0.50": 0.012920885719358921,
      "pinball_0.90": 0.005344472639262676,
      "pinball_0.95": 0.00317705855704844
    },
    "iTransformer_gmm": {
      "pinball_0.05": 0.004646479384973645,
      "pinball_0.10": 0.007098525203764439,
      "pinball_0.50": 0.012963619455695153,
      "pinball_0.90": 0.005397099535912275,
      "pinball_0.95": 0.0032176211941987278
    }
  },
  "h6": {
    "TimesNet_point": {
      "pinball_0.05": 0.004694325663149357,
      "pinball_0.10": 0.007424411922693252,
      "pinball_0.50": 0.013073883578181266,
      "pinball_0.90": 0.005736015923321247,
      "pinball_0.95": 0.003572155022993684
    },
    "DLinear_point": {
      "pinball_0.05": 0.004681337252259254,
      "pinball_0.10": 0.007399392034858465,
      "pinball_0.50": 0.01303672231733799,
      "pinball_0.90": 0.005763406772166491,
      "pinball_0.95": 0.003590362332761288
    },
    "NBEATS_point": {
      "pinball_0.05": 0.004696768801659345,
      "pinball_0.10": 0.007427996210753918,
      "pinball_0.50": 0.013080280274152756,
      "pinball_0.90": 0.005735961534082889,
      "pinball_0.95": 0.003570766095072031
    },
    "iTransformer_point": {
      "pinball_0.05": 0.004694743361324072,
      "pinball_0.10": 0.007421921659260988,
      "pinball_0.50": 0.013071103021502495,
      "pinball_0.90": 0.00573943592607975,
      "pinball_0.95": 0.003573680715635419
    },
    "TimesNet_gauss": {
      "pinball_0.05": 0.0046338229440152645,
      "pinball_0.10": 0.007336086314171553,
      "pinball_0.50": 0.01307926159352064,
      "pinball_0.90": 0.0055903873406350614,
      "pinball_0.95": 0.003421746240928769
    },
    "DLinear_gauss": {
      "pinball_0.05": 0.004418253991752863,
      "pinball_0.10": 0.0070865566842257975,
      "pinball_0.50": 0.013256184756755829,
      "pinball_0.90": 0.005589329171925783,
      "pinball_0.95": 0.003372379718348384
    },
    "NBEATS_gauss": {
      "pinball_0.05": 0.004428643546998501,
      "pinball_0.10": 0.0069928204640746115,
      "pinball_0.50": 0.012947333604097366,
      "pinball_0.90": 0.005276851635426283,
      "pinball_0.95": 0.003165596770122647
    },
    "iTransformer_gauss": {
      "pinball_0.05": 0.004726629611104727,
      "pinball_0.10": 0.0074691249057650564,
      "pinball_0.50": 0.013047236762940884,
      "pinball_0.90": 0.0057600256986916065,