{
  "config": {
    "backbones": [
      "TimesNet",
      "DLinear",
      "NBEATS",
      "iTransformer"
    ],
    "panels": [
      "monthly_SP500",
      "daily_SP500",
      "daily_VIX",
      "daily_DGS10",
      "daily_EURUSD"
    ],
    "exclusions": {
      "patchtst": "PatchTST replaced by iTransformer (NeurIPS 2023, ICLR 2024 spotlight) due to a patching-sigma incompatibility on fat-tailed return series (MAE explodes 0.025/0.063 on daily SP500 h=1/h=5; CRPS-SS -1.95% at monthly h=12). See DECISION_PATCHTST_DROPPED.md for the full diagnostic."
    }
  },
  "monthly_sp500": {
    "h1": {
      "point": -0.33398492118247974,
      "gauss": 1.9745480089642218,
      "gmm": 4.497466779921978
    },
    "h3": {
      "point": -0.04990956879295706,
      "gauss": 1.3516733186832917,
      "gmm": 3.4312055579621616
    },
    "h6": {
      "point": 0.05268951432146796,
      "gauss": 1.0329500653885073,
      "gmm": 3.245017900189772
    },
    "h12": {
      "point": -0.03617448269875929,
      "gauss": 0.3784434022873478,
      "gmm": 3.2004865542933363
    }
  },
  "daily_sp500": {
    "h1": {
      "point": 0.0005221452971957427,
      "gauss": 0.5497098989714395,
      "gmm": 0.41392555146876175
    },
    "h5": {
      "point": 0.031861480114090894,
      "gauss": 0.42584725988849775,
      "gmm": 1.1771636122570437
    },
    "h10": {
      "point": -0.004563513585059682,
      "gauss": 0.5895527700192517,
      "gmm": 1.1805727728084512
    },
    "h20": {
      "point": 0.06886122235711857,
      "gauss": 0.3711973666212685,
      "gmm": 1.1225619239295765
    }
  },
  "daily_vix": {
    "h1": {
      "point": 1.185731971065936,
      "gauss": 3.45315065120205,
      "gmm": 5.886339525592194
    },
    "h5": {
      "point": -0.6334117690121621,
      "gauss": -22.56109569782996,
      "gmm": 4.046260348095889
    },
    "h10": {
      "point": -0.5228611887072808,
      "gauss": -36.148543496877075,
      "gmm": 3.1583091296092305
    },
    "h20": {
      "point": -0.35451092708392357,
      "gauss": -42.34959614334336,
      "gmm": 2.2703854909813797
    }
  },
  "daily_dgs10": {
    "h1": {
      "point": -5.675637105744731,
      "gauss": -5.8950119566203805,
      "gmm": -3.9703752948400086
    },
    "h5": {
      "point": -1.2894907310458736,
      "gauss": -0.8159593957845139,
      "gmm": 0.6514131521432596
    },
    "h10": {
      "point": -0.9431345332439877,
      "gauss": -6.259709885219611,
      "gmm": 0.396156746043206
    },
    "h20": {
      "point": -0.30100721469139485,
      "gauss": -5.896302660581671,
      "gmm": 0.4598150579006253
    }
  },
  "daily_eurusd": {
    "h1": {
      "point": -0.0002303464864633828,
      "gauss": -26.627756820284002,
      "gmm": -0.267663016487922
    },
    "h5": {
      "point": 0.0020182030271070064,
      "gauss": -0.46234830544944366,
      "gmm": -0.08471548743646856
    },
    "h10": {
      "point": -0.008961550887948491,
      "gauss": -0.39914639900819787,
      "gmm": 0.06334864649732286
    },
    "h20": {
      "point": -0.0014833790611408105,
      "gauss": -0.34818589051375154,
      "gmm": 0.05667035224189333
    }
  },
  "headline": {
    "monthly_sp500_gmm_mean": 3.593544198091812,
    "daily_sp500_gmm_mean": 0.9735559651159583,
    "daily_vix_gmm_mean": 3.8403236235696734,
    "daily_dgs10_gmm_mean": -0.6157475846882294,
    "daily_eurusd_gmm_mean": -0.0580898762962936
  }
}