{
  "config": {
    "data": "monthly SP500_Return (Shiller)",
    "horizons": [
      1,
      3,
      6,
      12
    ],
    "n_simulation_paths": 2000,
    "n_samples_per_cell": 500,
    "methods": [
      "GARCH_gauss",
      "GARCH_skewt",
      "GJR_skewt",
      "EGARCH_skewt",
      "GARCH_skewt_gmm"
    ]
  },
  "baseline_crps_TimesNet_point": {
    "h1": 0.019340121001005173,
    "h3": 0.0193984005600214,
    "h6": 0.019299712777137757,
    "h12": 0.019120512530207634
  },
  "methods": {
    "GARCH_gauss": {
      "h1": {
        "crps_per_fold": [
          0.018379892210271254,
          0.01859603982252036,
          0.021067907596241536,
          0.019829122480877752,
          0.019555241191244493
        ],
        "mean_crps": 0.01948564066023108,
        "crps_skill_score_vs_TimesNet_point_pct": -0.752423726916418
      },
      "h3": {
        "crps_per_fold": [
          0.018788489796698414,
          0.018390871555384884,
          0.02094572871781791,
          0.019862283204971687,
          0.019643722274015885
        ],
        "mean_crps": 0.019526219109777757,
        "crps_skill_score_vs_TimesNet_point_pct": -0.6589128282038947
      },
      "h6": {
        "crps_per_fold": [
          0.018506445239004903,
          0.018200799328724673,
          0.020928115916137673,
          0.019784381581769837,
          0.019599171336141374
        ],
        "mean_crps": 0.019403782680355693,
        "crps_skill_score_vs_TimesNet_point_pct": -0.5392303212989669
      },
      "h12": {
        "crps_per_fold": [
          0.018534098094202388,
          0.01779808453656113,
          0.020902969391464764,
          0.019641214595168568,
          0.019579209662533285
        ],
        "mean_crps": 0.019291115255986025,
        "crps_skill_score_vs_TimesNet_point_pct": -0.8922497527661166
      }
    },
    "GARCH_skewt": {
      "h1": {
        "crps_per_fold": [
          0.018182978741075752,
          0.01768475116119612,
          0.02121552221889262,
          0.019888354397821616,
          0.019399132268783828
        ],
        "mean_crps": 0.019274147757553987,
        "crps_skill_score_vs_TimesNet_point_pct": 0.34112115145379374
      },
      "h3": {
        "crps_per_fold": [
          0.018054317447579734,
          0.017392629808544564,
          0.021065561410909782,
          0.019706840201985223,
          0.01938970094153953
        ],
        "mean_crps": 0.019121809962111762,
        "crps_skill_score_vs_TimesNet_point_pct": 1.42584228557312
      },
      "h6": {
        "crps_per_fold": [
          0.01815436983176156,
          0.017220444949684287,
          0.020991627407696382,
          0.019763854710552444,
          0.019266793055903432
        ],
        "mean_crps": 0.019079417991119618,
        "crps_skill_score_vs_TimesNet_point_pct": 1.141440748688749
      },
      "h12": {
        "crps_per_fold": [
          0.018043839069985256,
          0.017090895961675484,
          0.020901363291891774,
          0.019664818442970276,
          0.019262427668927124
        ],
        "mean_crps": 0.018992668887089982,
        "crps_skill_score_vs_TimesNet_point_pct": 0.6686203778046074
      }
    },
    "GJR_skewt": {
      "h1": {
        "crps_per_fold": [
          0.018172459840790488,
          0.017443849425037336,
          0.021023431711510616,
          0.019795156170314396,
          0.01945836846450598
        ],
        "mean_crps": 0.019178653122431763,
        "crps_skill_score_vs_TimesNet_point_pct": 0.8348855654264908
      },
      "h3": {
        "crps_per_fold": [
          0.018072727938307876,
          0.017723370860373747,
          0.020988356571630052,
          0.01971989178413531,
          0.01930425536992915
        ],
        "mean_crps": 0.019161720504875225,
        "crps_skill_score_vs_TimesNet_point_pct": 1.2201008759142429
      },
      "h6": {
        "crps_per_fold": [
          0.01815780117855487,
          0.01752475095161669,
          0.020968574425421226,
          0.019764244262969778,
          0.019299320849166468
        ],
        "mean_crps": 0.019142938333545807,
        "crps_skill_score_vs_TimesNet_point_pct": 0.812314905420064
      },
      "h12": {
        "crps_per_fold": [
          0.018180041022096523,
          0.017197088447772364,
          0.02091279390117863,
          0.01966068480299143,
          0.0192780984113413
        ],
        "mean_crps": 0.01904574131707605,
        "crps_skill_score_vs_TimesNet_point_pct": 0.3910523476473471
      }
    },
    "EGARCH_skewt": {
      "h1": {
        "crps_per_fold": [
          0.01796938346057475,
          0.016964213111372035,
          0.02137692614536482,
          0.019968508732174116,
          0.019090982805154217
        ],
        "mean_crps": 0.019074002850927987,
        "crps_skill_score_vs_TimesNet_point_pct": 1.3759900988383422
      },
      "h3": {
        "crps_per_fold": [
          0.01810229980652844,
          0.016931115629055197,
          0.02130343061719503,
          0.019969913234073086,
          0.019363042634777436
        ],
        "mean_crps": 0.019133960384325837,
        "crps_skill_score_vs_TimesNet_point_pct": 1.3632060791679557
      },
      "h6": {
        "crps_per_fold": [
          0.018027425700304096,
          0.016974658290780775,
          0.021232786969152463,
          0.019862595748959176,
          0.01934075863652165
        ],
        "mean_crps": 0.019087645069143632,
        "crps_skill_score_vs_TimesNet_point_pct": 1.09881276702386
      },
      "h12": {
        "crps_per_fold": [
          0.018111837917311257,
          0.016909658534623,
          0.0211533699911706,
          0.019818542862030962,
          0.01930523911049788
        ],
        "mean_crps": 0.01905972968312674,
        "crps_skill_score_vs_TimesNet_point_pct": 0.3178933984372301
      }
    },
    "GARCH_skewt_gmm": {
      "h1": {
        "crps_per_fold": [
          0.01936603456658568,
          0.013621927741287475,
          0.023811772422433784,
          0.02138901662286965,
          0.021183505666841223
        ],
        "mean_crps": 0.01987445140400356,
        "crps_skill_score_vs_TimesNet_point_pct": -2.7628079626317525
      },
      "h3": {
        "crps_per_fold": [
          0.019362805183902352,
          0.01360978389333107,
          0.023805690109633147,
          0.02135996953820459,
          0.021187333337553526
        ],
        "mean_crps": 0.01986511641252494,
        "crps_skill_score_vs_TimesNet_point_pct": -2.4059501764563285
      },
      "h6": {
        "crps_per_fold": [
          0.019373308945486462,
          0.013589677865867848,
          0.023808503756555882,
          0.021336226305475353,
          0.02119491211046051
        ],
        "mean_crps": 0.019860525796769214,
        "crps_skill_score_vs_TimesNet_point_pct": -2.905810185402302
      },
      "h12": {
        "crps_per_fold": [
          0.019353307146527488,
          0.013570091166130647,
          0.023837572413461863,
          0.021322064779720852,
          0.02121125643786927
        ],
        "mean_crps": 0.019858858388742025,
        "crps_skill_score_vs_TimesNet_point_pct": -3.8615380072469785
      }
    }
  }
}