{
  "config": {
    "data": "monthly S&P 500 (Shiller)",
    "n_total": 1832,
    "n_folds": 5,
    "quantiles": [
      0.01,
      0.05,
      0.1,
      0.25,
      0.5,
      0.75,
      0.9,
      0.95,
      0.99
    ],
    "n_samples": 500,
    "method": "CAViaR (symmetric absolute value form, Engle-Manganelli 2004)"
  },
  "baseline_crps_TimesNet_point": {
    "h1": 0.019340121001005173,
    "h3": 0.0193984005600214,
    "h6": 0.019299712777137757,
    "h12": 0.019120512530207634
  },
  "results": {
    "h1": {
      "crps_list": [
        0.020951205993954676,
        0.01836442568441115,
        0.024809358122097662,
        0.021674682169564724,
        0.021115499058553644
      ],
      "pinball_list": {
        "0.01": [
          0.0018314286734760102,
          0.0034679518235878684,
          0.0022364795982685523,
          0.0018999740318144417,
          0.0029834657717150944
        ],
        "0.05": [
          0.004395044676645648,
          0.004614433899137868,
          0.005650257904227002,
          0.005733234159480963,
          0.005919651552724976
        ],
        "0.1": [
          0.006373681698473262,
          0.006367966566501395,
          0.00755230048923255,
          0.007636339922683917,
          0.007979252506353592
        ],
        "0.25": [
          0.010666075721682364,
          0.00997658020564893,
          0.011954818712589016,
          0.011633389659164573,
          0.012223253961764107
        ],
        "0.5": [
          0.01333157265612613,
          0.011775237309902781,
          0.014658758122506872,
          0.013648161291524394,
          0.01370630686302347
        ],
        "0.75": [
          0.011954810298354261,
          0.01000578654330712,
          0.014465091410898964,
          0.012012591203893197,
          0.011379562228761998
        ],
        "0.9": [
          0.009303886396258877,
          0.007263830711276325,
          0.012773296659344024,
          0.009050309991081334,
          0.008152821752794444
        ],
        "0.95": [
          0.008075908731944852,
          0.0061184369952030325,
          0.011954848282095545,
          0.007628739100868334,
          0.006875450179008691
        ],
        "0.99": [
          0.01710665112916151,
          0.017936368829191807,
          0.022862275554376126,
          0.011041230941813312,
          0.0038088898465486495
        ]
      },
      "coverage": {},
      "crps_mean": 0.021383034205716373,
      "crps_std": 0.0020588735842261177,
      "crps_skill_score_vs_TimesNet_point_pct": -10.563083884558026,
      "pinball_mean": {
        "0.01": 0.0024838599797723936,
        "0.05": 0.005262524438443291,
        "0.1": 0.007181908236648944,
        "0.25": 0.0112908236521698,
        "0.5": 0.01342400724861673,
        "0.75": 0.011963568337043108,
        "0.9": 0.009308829102151,
        "0.95": 0.00813067665782409,
        "0.99": 0.014551083260218279
      },
      "cov_90_mean": NaN
    },
    "h3": {
      "crps_list": [
        0.019834887896488358,
        0.01744997437983757,
        0.02357002222311465,
        0.021851740409026592,
        0.02052707881907281
      ],
      "pinball_list": {
        "0.01": [
          0.001516348768180628,
          0.0012059990862172453,
          0.0022327990626400326,
          0.005196844570483501,
          0.002310504705049248
        ],
        "0.05": [
          0.0047410163888146764,
          0.004836691726469769,
          0.005824299703829094,
          0.006060981819150076,
          0.006242794873041349
        ],
        "0.1": [
          0.0065411116594912295,
          0.006486136640625858,
          0.007659543754114435,
          0.00784862617080297,
          0.008149670926218443
        ],
        "0.25": [
          0.010494866776158223,
          0.00990463085200759,
          0.011895161500355411,
          0.011530614453452827,
          0.01198002603224123
        ],
        "0.5": [
          0.013176421734835912,
          0.011473088137886457,
          0.014477799440783864,
          0.013463516110276175,
          0.013297406668781122
        ],
        "0.75": [
          0.011357781967880495,
          0.009432644897862622,
          0.013886607415873012,
          0.01217561220775384,
          0.010844828015187314
        ],
        "0.9": [
          0.008296032911181146,
          0.006576204167645009,
          0.011948660878098944,
          0.009829008647918244,
          0.007742085827383122
        ],
        "0.95": [
          0.006904430091119572,
          0.005429765680802067,
          0.011028472625661468,
          0.008678949465373356,
          0.006494407799344941
        ],
        "0.99": [
          0.005681006816596366,
          0.004938803492333214,
          0.006314004434040604,
          0.006140937849179982,
          0.003522492766849826
        ]
      },
      "coverage": {},
      "crps_mean": 0.020646740745507996,
      "crps_std": 0.0020440321919274786,
      "crps_skill_score_vs_TimesNet_point_pct": -6.435273782619623,
      "pinball_mean": {
        "0.01": 0.002492499238514131,
        "0.05": 0.0055411569022609936,
        "0.1": 0.007337017830250587,
        "0.25": 0.011161059922843056,
        "0.5": 0.013177646418512707,
        "0.75": 0.011539494900911457,
        "0.9": 0.008878398486445293,
        "0.95": 0.0077072051324602805,
        "0.99": 0.005319449071799999
      },
      "cov_90_mean": NaN
    },
    "h6": {
      "crps_list": [
        0.018924224996279063,
        0.016564104502395663,
        0.02216792493041632,
        0.02051402364138584,
        0.020013779256674066
      ],
      "pinball_list": {
        "0.01": [
          0.0011665169867769746,
          0.0011576406527903358,
          0.002021338430681442,
          0.0028102660065493046,
          0.00445392730978951
        ],
        "0.05": [
          0.003899477192975921,
          0.0039977875839282365,
          0.005308864489691958,
          0.005093075104409084,
          0.006182120801146043
        ],
        "0.1": [
          0.006075568294245516,
          0.005983437861089971,
          0.007474029665842466,
          0.0073173670726689065,
          0.008323860745211326
        ],
        "0.25": [
          0.010656351393134526,
          0.009763879100342248,
          0.011950618454805464,
          0.011681567010984913,
          0.012428791910766806
        ],
        "0.5": [
          0.013025040669529635,
          0.011388467713722723,
          0.014229940793393778,
          0.013258036556751701,
          0.012796649257795542
        ],
        "0.75": [
          0.010812920682034502,
          0.008891924830638467,
          0.012654053212409474,
          0.011305015425027891,
          0.00991784480711458
        ],
        "0.9": [
          0.007439254169877953,
          0.005710178599423573,
          0.010043894151090372,
          0.008063690318919223,
          0.006823554653167105
        ],
        "0.95": [
          0.005996115237686942,
          0.004396089055143532,
          0.008896701140077784,
          0.0066078071516633,
          0.005529873489572937
        ],
        "0.99": [
          0.002489992028267866,
          0.0019481738566989803,
          0.0034707467809250853,
          0.0035181421074658393,
          0.002981299155123735
        ]
      },
      "coverage": {},
      "crps_mean": 0.01963681146543019,
      "crps_std": 0.001858356738982715,
      "crps_skill_score_vs_TimesNet_point_pct": -1.7466513216287762,
      "pinball_mean": {
        "0.01": 0.0023219378773175134,
        "0.05": 0.004896265034430249,
        "0.1": 0.0070348527278116385,
        "0.25": 0.01129624157400679,
        "0.5": 0.012939626998238677,
        "0.75": 0.010716351791444981,
        "0.9": 0.0076161143784956465,
        "0.95": 0.006285317214828899,
        "0.99": 0.0028816707856963017
      },
      "cov_90_mean": NaN
    },