{
  "config": {
    "data": "monthly S&P 500 (Shiller)",
    "n_total": 1832,
    "n_folds": 5,
    "quantiles": [
      0.01,
      0.05,
      0.1,
      0.25,
      0.5,
      0.75,
      0.9,
      0.95,
      0.99
    ],
    "n_samples": 500,
    "method": "GAS(1,1) Gaussian (Creal-Koopman-Lucas 2013), h-step = unconditional mean-reverting forecast"
  },
  "baseline_crps_TimesNet_point": {
    "h1": 0.019340121001005173,
    "h3": 0.0193984005600214,
    "h6": 0.019299712777137757,
    "h12": 0.019120512530207634
  },
  "results": {
    "h1": {
      "crps_list": [
        0.2032394551301347,
        0.14830350233175638,
        0.07508033275577236
      ],
      "pinball_list": {
        "0.01": [
          0.015796588344627938,
          0.011466888625484228,
          0.005702834204718201
        ],
        "0.05": [
          0.05594700705450722,
          0.0405767111253441,
          0.020180801446960845
        ],
        "0.1": [
          0.09953856924103273,
          0.07216532444426359,
          0.03589195623752742
        ],
        "0.25": [
          0.15618058659271888,
          0.11300257756247448,
          0.05627047131395524
        ],
        "0.5": [
          0.013148135608410567,
          0.0115172994885111,
          0.013332275001378117
        ],
        "0.75": [
          0.152705535106824,
          0.11169986759814045,
          0.05553362573899544
        ],
        "0.9": [
          0.09814854864667472,
          0.07164424045852996,
          0.03562239026478099
        ],
        "0.95": [
          0.05525199675732827,
          0.04031616913247732,
          0.020046018460587657
        ],
        "0.99": [
          0.01565758628519216,
          0.011414780226910878,
          0.005675877607443567
        ]
      },
      "crps_mean": 0.1422077634058878,
      "crps_std": 0.052497991623368837,
      "n_successful_folds": 3,
      "crps_skill_score_vs_TimesNet_point_pct": -635.299243466454,
      "pinball_mean": {
        "0.01": 0.010988770391610123,
        "0.05": 0.03890150654227072,
        "0.1": 0.06919861664094125,
        "0.25": 0.10848454515638288,
        "0.5": 0.012665903366099927,
        "0.75": 0.1066463428146533,
        "0.9": 0.06847172645666189,
        "0.95": 0.038538061450131084,
        "0.99": 0.010916081373182202
      }
    },
    "h3": {
      "crps_list": [
        0.18338872822907032,
        0.13418284286851712,
        0.06914388869260907
      ],
      "pinball_list": {
        "0.01": [
          0.014260156159931293,
          0.0103726159837497,
          0.005233340763205408
        ],
        "0.05": [
          0.050515304255962484,
          0.03670816174862434,
          0.018521015310245054
        ],
        "0.1": [
          0.08988220871028653,
          0.06528790333009514,
          0.03294122532781046
        ],
        "0.25": [
          0.14109252326342797,
          0.10225660707158625,
          0.05180403292522351
        ],
        "0.5": [
          0.013148135608410567,
          0.0115172994885111,
          0.013332275001378117
        ],
        "0.75": [
          0.13761747177753303,
          0.10095389710725222,
          0.05092310869256271
        ],
        "0.9": [
          0.08849218811592852,
          0.0647668193443615,
          0.032671659355064046
        ],
        "0.95": [
          0.049820293958783526,
          0.036447619755757554,
          0.01838623232387187
        ],
        "0.99": [
          0.014121154100495512,
          0.010320507585176348,
          0.005206384165930772
        ]
      },
      "crps_mean": 0.12890515326339883,
      "crps_std": 0.04678932460760628,
      "n_successful_folds": 3,
      "crps_skill_score_vs_TimesNet_point_pct": -564.514339027839,
      "pinball_mean": {
        "0.01": 0.009955370968962134,
        "0.05": 0.0352481604382773,
        "0.1": 0.06270377912273072,
        "0.25": 0.09838438775341257,
        "0.5": 0.012665903366099927,
        "0.75": 0.09649815919244932,
        "0.9": 0.06197688893845136,
        "0.95": 0.03488471534613765,
        "0.99": 0.009882681950534211
      }
    },
    "h6": {
      "crps_list": [
        0.1573839767166798,
        0.11575106980379388,
        0.061581835463350554
      ],
      "pinball_list": {
        "0.01": [
          0.012246067647849086,
          0.008942726830074733,
          0.004631882812692115
        ],
        "0.05": [
          0.04339495731415865,
          0.031653117344462384,
          0.016394698987565917
        ],
        "0.1": [
          0.0772238141470797,
          0.056301157722696095,
          0.029161107420825325
        ],
        "0.25": [
          0.12131378175841731,
          0.08821481706002526,
          0.04608217476523625
        ],
        "0.5": [
          0.013148135608410567,
          0.0115172994885111,
          0.013332275001378117
        ],
        "0.75": [
          0.1178387302725224,
          0.08691210709569125,
          0.045016674462898434
        ],
        "0.9": [
          0.0758337935527217,
          0.05578007373696247,
          0.02889154144807891
        ],
        "0.95": [
          0.042699947016979684,
          0.03139257535159559,
          0.016259916001192726
        ],
        "0.99": [
          0.012107065588413304,
          0.008890618431501383,
          0.0046049262154174795
        ]
      },
      "crps_mean": 0.1115722939946081,
      "crps_std": 0.039222520679054525,
      "n_successful_folds": 3,
      "crps_skill_score_vs_TimesNet_point_pct": -478.10339087934767,
      "pinball_mean": {
        "0.01": 0.008606892430205312,
        "0.05": 0.030480924548728985,
        "0.1": 0.054228693096867044,
        "0.25": 0.08520359119455961,
        "0.5": 0.012665903366099927,
        "0.75": 0.08325583727703735,
        "0.9": 0.05350180291258769,
        "0.95": 0.030117479456589335,
        "0.99": 0.008534203411777389
      }
    },
    "h12": {
      "crps_list": [
        0.11667033916549141,
        0.08714751245062494,
        0.050489730488111645
      ],
      "pinball_list": {
        "0.01": [
          0.009087920940544537,
          0.006718519995194164,
          0.003737890711157258
        ],
        "0.05": [
          0.03223005561583349,
          0.02378994537377858,
          0.013234195420828584
        ],
        "0.1": [
          0.05737510001672387,
          0.04232218533036934,
          0.023542434413292283
        ],
        "0.25": [
          0.09030016592973633,
          0.06637267269701472,
          0.03757734745891183
        ],
        "0.5": [
          0.013148135608410567,
          0.0115172994885111,
          0.013332275001378117
        ],
        "0.75": [
          0.08682511444384143,
          0.0650699627326807,
          0.03623749788862807
        ],
        "0.9": [
          0.05598507942236588,
          0.04180110134463572,
          0.02327286844054588
        ],
        "0.95": [
          0.031535045318654524,
          0.02352940338091179,
          0.013099412434455393
        ],
        "0.99": [
          0.00894891888110875,
          0.006666411596620812,
          0.0037109341138826225
        ]
      },
      "crps_mean": 0.08476919403474266,
      "crps_std": 0.027070408691565923,
      "n_successful_folds": 3,
      "crps_skill_score_vs_TimesNet_point_pct": -343.34164108216055,
      "pinball_mean": {
        "0.01": 0.0065147772156319865,
        "0.05": 0.023084732136813554,
        "0.1": 0.04107990658679517,
        "0.25": 0.0647500620285543,
        "0.5": 0.012665903366099927,
        "0.75": 0.06271085835505007,
        "0.9": 0.040353016402515825,
        "0.95": 0.0227212870446739,
        "0.99": 0.006442088197204062
      }
    }
  }
}