{
  "config": {
    "data": "daily SP500_Return (2014-2024)",
    "horizons": [
      1,
      5,
      10,
      20
    ],
    "n_simulation_paths": 2000,
    "n_samples_per_cell": 500,
    "methods": [
      "point",
      "gauss",
      "gmm"
    ]
  },
  "baseline_crps_TimesNet_point": {
    "h1": 0.005783473420888185,
    "h5": 0.005770584847778082,
    "h10": 0.00576985627412796,
    "h20": 0.005751315224915743
  },
  "results": {
    "GARCH": {
      "point": {
        "h1": {
          "n_folds": 5,
          "crps_mean": 0.005711177358700222,
          "crps_std": 0.0014489013022623406,
          "pinball_05_mean": 0.0012984519792614533,
          "cov90_mean": 0.8697986577181208,
          "crps_per_fold": [
            0.005394626406089512,
            0.005832692974331677,
            0.008405350134283954,
            0.004471443649124798,
            0.004451773629671163
          ],
          "crps_skill_score_vs_TimesNet_point": 0.012500457238525775
        },
        "h5": {
          "n_folds": 5,
          "crps_mean": 0.00570956771533568,
          "crps_std": 0.001424522889041694,
          "pinball_05_mean": 0.0012697424347510237,
          "cov90_mean": 0.8684563758389261,
          "crps_per_fold": [
            0.0054529407912831136,
            0.005785872259274335,
            0.008359849124040131,
            0.0044621946813284625,
            0.004486981720752362
          ],
          "crps_skill_score_vs_TimesNet_point": 0.0105738212073766
        },
        "h10": {
          "n_folds": 5,
          "crps_mean": 0.0057163368204384765,
          "crps_std": 0.0014318308527296038,
          "pinball_05_mean": 0.0012916677481958597,
          "cov90_mean": 0.8630872483221477,
          "crps_per_fold": [
            0.005458646253849189,
            0.00577331621091554,
            0.008386631681850276,
            0.004457561245150626,
            0.004505528710426756
          ],
          "crps_skill_score_vs_TimesNet_point": 0.009275699626949963
        },
        "h20": {
          "n_folds": 5,
          "crps_mean": 0.00569535953154209,
          "crps_std": 0.001432772410163505,
          "pinball_05_mean": 0.0012681107841339535,
          "cov90_mean": 0.8697986577181208,
          "crps_per_fold": [
            0.0054336564239056175,
            0.00572474839078904,
            0.00837698720287857,
            0.004425224333711329,
            0.004516181306425899
          ],
          "crps_skill_score_vs_TimesNet_point": 0.009729199528351828
        }
      },
      "gauss": {
        "h1": {
          "n_folds": 5,
          "crps_mean": 0.005764518536950888,
          "crps_std": 0.0014358726371571863,
          "pinball_05_mean": 0.0013002852937601347,
          "cov90_mean": 0.8778523489932887,
          "crps_per_fold": [
            0.005640995075064409,
            0.005795498312422128,
            0.008413908664543309,
            0.004439013215227153,
            0.004533177417497439
          ],
          "crps_skill_score_vs_TimesNet_point": 0.0032774221575633256
        },
        "h5": {
          "n_folds": 5,
          "crps_mean": 0.005747081862187448,
          "crps_std": 0.0014125990273182293,
          "pinball_05_mean": 0.0012933215012305938,
          "cov90_mean": 0.8845637583892618,
          "crps_per_fold": [
            0.005607725386792935,
            0.005740452518857773,
            0.008370055831396233,
            0.00443791851318617,
            0.0045792570607041325
          ],
          "crps_skill_score_vs_TimesNet_point": 0.004072894898977664
        },
        "h10": {
          "n_folds": 5,
          "crps_mean": 0.005741222929833117,
          "crps_std": 0.0014192701766381208,
          "pinball_05_mean": 0.0013029293705127862,
          "cov90_mean": 0.8765100671140938,
          "crps_per_fold": [
            0.005635591398074144,
            0.005717378691474999,
            0.008371882271389726,
            0.004414524630171166,
            0.00456673765805555
          ],
          "crps_skill_score_vs_TimesNet_point": 0.004962574964516131
        },
        "h20": {
          "n_folds": 5,
          "crps_mean": 0.005739749050991443,
          "crps_std": 0.0014112291836336378,
          "pinball_05_mean": 0.0013054679574530724,
          "cov90_mean": 0.880536912751678,
          "crps_per_fold": [
            0.005644791069534803,
            0.005682209003641845,
            0.0083626641674193,
            0.004419843497160169,
            0.004589237517201102
          ],
          "crps_skill_score_vs_TimesNet_point": 0.0020110485118591814
        }
      },
      "gmm": {
        "h1": {
          "n_folds": 5,
          "crps_mean": 0.005548610601101333,
          "crps_std": 0.0011830010587178402,
          "pinball_05_mean": 0.001286104515823382,
          "cov90_mean": 0.8644295302013424,
          "crps_per_fold": [
            0.005811221664650582,
            0.005820501641170318,
            0.007448959035489814,
            0.003957691374335038,
            0.004704679289860912
          ],
          "crps_skill_score_vs_TimesNet_point": 0.04060930217792613
        },
        "h5": {
          "n_folds": 5,
          "crps_mean": 0.005539650154415655,
          "crps_std": 0.0011858266862401295,
          "pinball_05_mean": 0.0012861045158233816,
          "cov90_mean": 0.8644295302013424,
          "crps_per_fold": [
            0.005820153325772601,
            0.005795267160790122,
            0.007440183864510962,
            0.003930022112773252,
            0.004712624308231334
          ],
          "crps_skill_score_vs_TimesNet_point": 0.04001928737801097
        },
        "h10": {
          "n_folds": 5,
          "crps_mean": 0.005536314167992623,
          "crps_std": 0.0011917243677600268,
          "pinball_05_mean": 0.0012861045158233816,
          "cov90_mean": 0.8644295302013424,
          "crps_per_fold": [
            0.005831803691479217,
            0.005774573570209396,
            0.007441818153223673,
            0.0038977423563942596,
            0.004735633068656568
          ],
          "crps_skill_score_vs_TimesNet_point": 0.040476243261472596
        },
        "h20": {
          "n_folds": 5,
          "crps_mean": 0.005513970210797856,
          "crps_std": 0.0011998013425370485,
          "pinball_05_mean": 0.0012861045158233816,
          "cov90_mean": 0.8644295302013424,
          "crps_per_fold": [
            0.005825619703266642,
            0.005734848863366872,
            0.007423509911830618,
            0.0038327656834071843,
            0.004753106892117962
          ],
          "crps_skill_score_vs_TimesNet_point": 0.04126795434367181
        }
      }
    }
  }
}